Actual,Predicted
1,-0.3419123646735942
0,-1.044341918182183
1,3.2909468301608897
0,-1.9023578489989736
0,1.1719227362558775
0,-1.6614754744594604
4,11.176049078090973
3,2.326859312435652
0,-1.841216955615935
0,-1.5405045845481622
35,46.84571022032066
0,3.560922487090926
10,4.3384461331304385
1,-0.05431641646747298
0,-0.011405697107782053
0,-1.5931185851882672
0,-1.3109410249675628
3,5.576720546339001
0,-1.2837013207459593
0,-2.8075103799758656
0,-1.526738973300918
0,-1.1744426928424838
0,-1.5775412697484663
12,15.124553221131933
0,-0.6318472713570307
1,-1.1608657713716264
17,29.50169519314049
1,-1.730128515477916
0,-2.2231379396638777
2,4.12958544162044
0,-1.131614113772593
0,-0.8834806057159073
0,-1.0858629398864492
18,29.63398086724059
0,-2.714704287580484
0,-1.0877253228194048
0,-0.7365898642901003
0,1.5319484351964254
88,92.22184590984254
0,-0.7751715476816985
0,0.9479055060678152
0,0.4272290800902878
8,6.28692924396667
0,-1.515038117808861
0,-1.4779503671555565
0,-1.043458597812454
6,6.382748021663488
14,14.884425935218513
1,-1.3706649619450326
10,8.438070105561055
9,7.336461786903733
0,-1.6053295169803183
2,1.1418775404343244
0,1.081323214630174
2,6.404285164545438
0,-1.0165862265906123
17,23.92919895548335
2,0.8322310510640993
7,4.528191281531804
0,-1.1481162844010386
3,3.076349904987844
35,38.72624132101316
0,-1.3172615850062526
1,-0.5246092080993252
0,-1.5753049811826019
65,52.85957110533695
0,-1.4587695136875292
7,2.922000720703607
0,-1.8469214723504672
44,43.539759691863594
0,-0.9194130589430509
2,5.951654225362405
1,-1.2917745456198366
1,-0.4209591215701467
0,-1.2314440288628683
0,-1.6553327223494732
0,-1.207779502762036
0,-1.289402487494903
1,0.5296619445152948
0,-0.1673697921175039
18,11.19953055237319
2,6.14013524741856
6,17.61887261843945
12,4.611037567380912
5,2.8547586729892895
0,-0.5313270461933071
0,-0.38127500161627115
0,0.7887596198558326
0,-1.8482336330044822
28,29.20347706188782
12,4.696331539889188
0,-1.0558505682224473
38,36.81823691221711
13,12.088847442101287
11,8.065600853796157
0,0.11148837878319728
0,-1.5000440424414316
28,27.799106431915185
1,1.606926476645199
1,-1.7993128814128179
0,-1.288981871255685
2,2.1113011280341447
0,-0.06697368220122524
0,-1.4675574787871914
0,-1.5364231445302403
0,-1.3805107731830804
0,-1.1625559996197845
5,3.919016660029619
0,-2.94558934789275
0,-0.786938279969676
1,3.3096414944156813
2,1.1620948021541007
0,-1.3669032251372206
2,-0.0580416092030811
0,-1.563575432033443
7,9.12621167389813
5,2.589037144755571
0,-1.390699307402774
0,-1.391817703785926
0,-0.5096354361062447
0,-1.7017894804263287
1,0.11928027928259244
0,-4.085328702976304
0,-0.6998894814796506
0,-0.6846445668564192
0,-0.9664904076605714
0,-0.4634585070751731
0,-0.7327205218261446
0,-1.2010788908203098
20,15.581841580660072
0,-1.0200052628833882
0,5.227631839963989
0,-0.4916111459981751
4,5.047582187032132
0,-1.6616291861737666
13,11.863212683147403
0,-2.015232411629575
0,1.7634041595207575
0,-0.8097965928671327
0,-0.9594165623149253
0,0.48247548300660004
0,0.22266165395256632
0,-1.3998912901038656
0,-1.4401317650692755
0,-0.9278650726744333
10,15.34475670046784
1,3.6196690192380476
2,-0.4305973636361129
2,-2.6016480102427666
9,8.077542720508227
6,7.326682509409085
82,67.57542456117866
0,-1.195061835220577
0,-1.253892340813601
0,0.2260459296182633
0,-1.4944711257372107
2,-0.34106315003455645
0,-1.6717936796458082
0,-1.476615201255938
4,3.847916273317664
0,-2.2783552230234045
0,-1.5219600353599416
0,-1.0347713818867463
4,6.155111460733048
0,-0.968329486583861
0,-1.5711914711092136
0,0.4873653289220323
4,6.642276068569352
0,-1.3906075930652682
4,3.511271110011208
8,8.165615830758925
0,-1.480732441856909
0,-0.7603149626192041
0,-0.4558016513241112
0,-1.4882429579319068
3,3.5431812074212146
1,0.2045498825482186
0,-0.818158739997167
0,-1.5551411825888524
0,-0.8363676674490916
4,0.3571286811351735
3,3.5338194699359997
5,9.889404958992593
0,-1.5443867638574948
0,-0.39374818146046753
1,-0.4900829693977249
20,23.565884678116
0,-0.15556820046982
103,110.9576972381939
3,4.404185903339233
0,-1.439213721366504
1,3.724496412009129
0,0.8910455273773219
0,-1.5078069156396383
0,-0.9327802593252761
0,-0.7501539951625054
0,0.8218062037775673
