Nation,Actual_Medals,Predicted_Medals,Predicted_Medal_Class,Prediction_Error
AFG,0,0.0,0,0.0
ALB,0,0.0,0,0.0
ALG,2,5.841768677515156,1,-3.841768677515156
AND,0,0.0,0,0.0
ANG,0,0.0,0,0.0
ANT,0,0.0,0,0.0
ARG,4,16.346566275364317,1,-12.346566275364317
ARM,4,0.0,0,4.0
ARU,0,0.0,0,0.0
ASA,0,0.0,0,0.0
AUS,29,39.6869664475596,1,-10.686966447559598
AUT,1,2.624113326895964,1,-1.624113326895964
AZE,18,0.0,0,18.0
BAH,2,0.0,0,2.0
BAN,0,2.0342173021875958,1,-2.0342173021875958
BAR,0,0.0,0,0.0
BDI,1,0.0,0,1.0
BEL,6,5.936545298073983,1,0.06345470192601699
BEN,0,0.0,0,0.0
BER,0,0.0,0,0.0
BHU,0,0.0,0,0.0
BIH,0,0.0,0,0.0
BIZ,0,0.0,0,0.0
BLR,9,0.0,0,9.0
BOL,0,0.0,0,0.0
BOT,0,0.0,0,0.0
BRA,19,42.03533679278979,1,-23.035336792789792
BRN,2,0.0,0,2.0
BRU,0,0.0,0,0.0
BUL,3,0.0,0,3.0
BUR,0,0.0,0,0.0
CAF,0,0.0,0,0.0
CAM,0,0.0,0,0.0
CAN,22,30.728223218237623,1,-8.728223218237623
CAY,0,0.0,0,0.0
CGO,0,0.0,0,0.0
CHA,0,0.0,0,0.0
CHI,0,2.932788142217653,1,-2.932788142217653
CHN,70,85.29797895417107,1,-15.297978954171072
CIV,2,0.0,0,2.0
CMR,0,0.0,0,0.0
COD,0,0.0,0,0.0
COL,8,12.02705289275903,1,-4.0270528927590306
COM,0,0.0,0,0.0
CPV,0,0.0,0,0.0
CRC,0,0.0,0,0.0
CRO,10,0.0,0,10.0
CUB,11,0.0,0,11.0
CYP,0,0.0,0,0.0
CZE,10,8.882979849439046,1,1.117020150560954
DEN,15,7.376850105806136,1,7.623149894193864
DJI,0,0.0,0,0.0
DMA,0,0.0,0,0.0
DOM,1,0.0,0,1.0
ECU,0,0.0,0,0.0
EGY,3,9.014381126391818,1,-6.014381126391818
ESA,0,0.0,0,0.0
ESP,17,24.663488172335565,1,-7.6634881723355655
EST,1,0.0,0,1.0
ETH,8,0.0,0,8.0
FIJ,1,0.0,0,1.0
FIN,1,2.799950776383737,1,-1.7999507763837368
FRA,42,36.7329881247352,1,5.267011875264799
FSM,0,0.0,0,0.0
GAB,0,0.0,0,0.0
GAM,0,0.0,0,0.0
GBR,67,43.51279245958302,1,23.487207540416982
GBS,0,0.0,0,0.0
GEO,7,0.0,0,7.0
GEQ,0,0.0,0,0.0
GER,42,42.37158966619498,1,-0.37158966619497846
GHA,0,0.0,0,0.0
GRE,6,6.1918833304416845,1,-0.19188333044168449
GRN,1,0.0,0,1.0
GUA,0,0.0,0,0.0
GUI,0,0.0,0,0.0
GUM,0,0.0,0,0.0
GUY,0,0.0,0,0.0
HAI,0,0.0,0,0.0
HKG,0,1.0406563226101007,1,-1.0406563226101007
HON,0,0.0,0,0.0
HUN,15,0.0,0,15.0
INA,3,6.832455019487178,1,-3.8324550194871776
IND,2,21.939725872045834,1,-19.939725872045834
IRI,8,9.440642086527014,1,-1.4406420865270135
IRL,2,3.0241251706233747,1,-1.0241251706233747
IRQ,0,1.3729718703787022,1,-1.3729718703787022
ISL,0,0.0,0,0.0
ISR,2,1.1105530811481437,1,0.8894469188518563
ISV,0,0.0,0,0.0
ITA,28,29.079304550293408,1,-1.0793045502934078
JAM,11,0.0,0,11.0
JOR,1,0.0,0,1.0
JPN,41,39.82200834193338,1,1.1779916580666168
KAZ,18,11.561040383583675,1,6.438959616416325
KEN,13,0.0,0,13.0
KGZ,0,0.0,0,0.0
KIR,0,0.0,0,0.0
KOR,21,22.255793726698222,1,-1.2557937266982222
KSA,0,1.8803991179515922,1,-1.8803991179515922
LAO,0,0.0,0,0.0
LAT,0,0.0,0,0.0
LBA,0,0.0,0,0.0
LBR,0,0.0,0,0.0
LCA,0,0.0,0,0.0
LES,0,0.0,0,0.0
LIB,0,0.0,0,0.0
LTU,4,0.0,0,4.0
LUX,0,0.0,0,0.0
MAD,0,0.0,0,0.0
MAR,1,0.0,0,1.0
MAS,5,2.8047013676656327,1,2.1952986323343673
MAW,0,0.0,0,0.0
MDA,0,0.0,0,0.0
MDV,0,0.0,0,0.0
MEX,5,13.11596516639746,1,-8.11596516639746
MGL,2,0.0,0,2.0
MHL,0,0.0,0,0.0
MKD,0,0.0,0,0.0
MLI,0,0.0,0,0.0
MLT,0,0.0,0,0.0
MNE,0,0.0,0,0.0
MON,0,0.0,0,0.0
MOZ,0,0.0,0,0.0
MRI,0,0.0,0,0.0
MTN,0,0.0,0,0.0
MYA,0,0.0,0,0.0
NAM,0,0.0,0,0.0
NCA,0,0.0,0,0.0
NED,19,18.86723162250624,1,0.13276837749376114
NEP,0,0.0,0,0.0
NGR,1,6.05848716663511,1,-5.05848716663511
NIG,1,0.0,0,1.0
NOR,4,1.9801049112434672,1,2.019895088756533
NRU,0,0.0,0,0.0
NZL,18,12.96711051355365,1,5.032889486446351
OMA,0,0.0,0,0.0
PAK,0,2.76299452671498,1,-2.76299452671498
PAN,0,0.0,0,0.0
PAR,0,0.0,0,0.0
PER,0,2.9045338501340936,1,-2.9045338501340936
PHI,1,2.0675410018811604,1,-1.0675410018811604
PLE,0,0.0,0,0.0
PLW,0,0.0,0,0.0
PNG,0,0.0,0,0.0
POL,11,17.57389421690876,1,-6.573894216908759
POR,1,5.616878348115071,1,-4.616878348115071
PUR,1,0.0,0,1.0
QAT,1,0.0,1,1.0
ROU,4,9.055466293794925,1,-5.055466293794925
RSA,10,11.239481296483925,1,-1.239481296483925
RUS,56,55.93956814422773,1,0.06043185577227206
RWA,0,0.0,0,0.0
SAM,0,0.0,0,0.0
SEN,0,0.0,0,0.0
SEY,0,0.0,0,0.0
SGP,1,0.0,1,1.0
SKN,0,0.0,0,0.0
SLE,0,0.0,0,0.0
SLO,4,0.0,0,4.0
SMR,0,0.0,0,0.0
SOL,0,0.0,0,0.0
SOM,0,0.0,0,0.0
SRB,8,0.0,0,8.0
SRI,0,0.0,0,0.0
STP,0,0.0,0,0.0
SUD,0,0.0,0,0.0
SUI,7,3.9951549441082133,1,3.0048450558917867
SUR,0,0.0,0,0.0
SVK,4,0.0,0,4.0
SWE,11,9.50445122914077,1,1.49554877085923
SWZ,0,0.0,0,0.0
SYR,0,0.0,0,0.0
TAN,0,0.0,0,0.0
TGA,0,0.0,0,0.0
THA,6,5.668244588236629,1,0.3317554117633712
TJK,1,0.0,0,1.0
TKM,0,0.0,0,0.0
TLS,0,0.0,0,0.0
TOG,0,0.0,0,0.0
TTO,1,0.0,0,1.0
TUN,3,0.0,0,3.0
TUR,8,9.363312758761758,1,-1.363312758761758
TUV,0,0.0,0,0.0
UAE,1,0.0,1,1.0
UGA,0,0.0,0,0.0
UKR,11,0.0,0,11.0
URU,0,0.0,0,0.0
USA,121,105.22972276001539,1,15.770277239984608
UZB,13,0.0,0,13.0
VAN,0,0.0,0,0.0
VEN,3,0.0,0,3.0
VIE,2,2.4502463790522313,1,-0.4502463790522313
VIN,0,0.0,0,0.0
YEM,0,0.0,0,0.0
ZAM,0,0.0,0,0.0
ZIM,0,0.0,0,0.0
